<?xml version="1.0" encoding="UTF-8"?>
<!DOCTYPE suite SYSTEM "https://testng.org/testng-1.0.dtd">
<suite name="Failed suite [Default suite]" guice-stage="DEVELOPMENT">
  <test thread-count="5" name="Default test(failed)">
    <classes>
      <class name="tests.ProductTest">
        <methods>
          <include name="preSetup"/>
          <include name="validateRequest" invocation-numbers="1 3"/>
          <include name="setup"/>
        </methods>
      </class> <!-- tests.ProductTest -->
    </classes>
  </test> <!-- Default test(failed) -->
</suite> <!-- Failed suite [Default suite] -->